Media-Execucao,Media-Satisfacao
2.3333333333333335,3.6666666666666665
