mes,custo
jan,-1140.0
feb,-442.3200000000015
mar,788.880000000001
apr,1137.7199999999993
may,1650.7199999999993
jun,3846.359999999997
jul,3948.9599999999973
aug,2245.7999999999993
sep,2574.119999999997
oct,542.6399999999994
nov,-914.2800000000007
dec,-1817.1599999999999
