Media-Execucao,Media-Satisfacao
2.0,3.0
3.0,3.5
4.333333333333333,3.3333333333333335
3.5,3.75
